# Кандидаты на «странное слово» (zipf=0, не имя, не жаргон, не склейка): 8

slug	слово	контекст
antifragile	переусложнение	…быть хрупким». Долг, зависимость, единая точка отказа, переусложнение. Сила в вычитании уязвимостей, и она не требует знать…
expected-utility	Фреймирование	…тся как 0.05. p = 0.99 ощущается как 0.95. в продуктах Фреймирование. «Скидка 20%» vs «сэкономите 200 рублей» — разный эффе…
games-that-train-machines	эмерджентно	…епроверю» — это поведение никто не программировал. Оно эмерджентно выросло из миллионов раундов self-play. Математика это…
mcmc	фитирование	…ля формулы: байесовские модели, статистическая физика, фитирование космологических данных, вероятностное программирование…
monte-carlo	рейтрейсинг	…ические испытания, дозирование. Компьютерная графика — рейтрейсинг (каждый пиксель Pixar). Машинное обучение — dropout, в…
poker-exploit	переусложнения	…1 — я переиграл сам себя и проиграл. Тут есть ловушка переусложнения. Против совсем простого игрока, который не думает вооб…
poker-exploit	переуровневаться	…вать его очевидные ошибки прямо в лоб. Это называется «переуровневаться», и это проигрышно. Лучший игрок — не тот, кто думает…
trust-but-verify	обнулялась	…я оказывались новые, незнакомые — и повторяющаяся игра обнулялась, доверию не на чем было нарасти. Во-вторых, рейдами. А…
